model,mean_rmsle,std_rmsle,fold_scores
ridge,0.27880526908056324,0.005208682228270491,"[0.27372437843699715, 0.2781286159400697, 0.2746179225864849, 0.2883817478634882, 0.2791736805757761]"
random_forest,0.2846449272319317,0.006393220493204399,"[0.2757721798546986, 0.2877491478098919, 0.2828899890739646, 0.2949114056524435, 0.2819019137686597]"
extra_trees,0.28700135402181315,0.006631440760555749,"[0.2768091148336114, 0.2874588695786536, 0.29236561847314213, 0.29541005462178754, 0.28296311260187135]"
xgboost,0.3059429167211466,0.0070845443933482905,"[0.29752869734193454, 0.30859144775635605, 0.2981033614564395, 0.31583827908413814, 0.30965279796686485]"
